发布日期,罚单链接
2021-12-31,http://hefei.pbc.gov.cn/hefei/122364/122382/122389/4436520/index.html
2021-12-30,http://hefei.pbc.gov.cn/hefei/122364/122382/122389/4435822/index.html
2021-12-27,http://hefei.pbc.gov.cn/hefei/122364/122382/122389/4431947/index.html
2021-12-23,http://hefei.pbc.gov.cn/hefei/122364/122382/122389/4429013/index.html
2021-12-21,http://hefei.pbc.gov.cn/hefei/122364/122382/122389/4424098/index.html
2021-12-14,http://hefei.pbc.gov.cn/hefei/122364/122382/122389/4413925/index.html
2021-12-08,http://hefei.pbc.gov.cn/hefei/122364/122382/122389/4410040/index.html
2021-12-06,http://hefei.pbc.gov.cn/hefei/122364/122382/122389/4407712/index.html
2021-12-01,http://hefei.pbc.gov.cn/hefei/122364/122382/122389/4404728/index.html
